Name,Link
qbit,https://github.com/advantageous/qbit
mortar,https://github.com/go-masonry/mortar
healthchecks,https://github.com/hootsuite/healthchecks
health-checks-api,https://github.com/hootsuite/health-checks-api
kardia,https://github.com/pipedrive/kardia
jetson-monitor,https://github.com/juandiii/jetson-monitor
fastify-boilerplate,https://github.com/mattaharish/fastify-boilerplate
Health,https://github.com/Kitura/Health
microspector,https://github.com/microspector/microspector
akka-microservice-example,https://github.com/innFactory/akka-microservice-example
distributed-flood-monitoring-system,https://github.com/RobertoDebarba/distributed-flood-monitoring-system
thingverse,https://github.com/arunkpatra/thingverse
detecctor-v2,https://github.com/detecc/detecctor-v2
WebApiMonitoring,https://github.com/smurariu/WebApiMonitoring
k8s-microservices-example,https://github.com/EnsleyEC/k8s-microservices-example
sentry,https://github.com/gesquive/sentry
integration-code-samples,https://github.com/statuscope-io/integration-code-samples
rtsm.ir,https://github.com/shakibamoshiri/rtsm.ir
viz-server-app,https://github.com/Prime1Code/viz-server-app
terminator,https://github.com/shreyaganguly/terminator
c8y_microservice-nodejs,https://github.com/manasesjesus/c8y_microservice-nodejs
viz-common,https://github.com/Prime1Code/viz-common
.github,https://github.com/megaease/.github
springboot-monitoring-prometheus-grafana,https://github.com/sada498/springboot-monitoring-prometheus-grafana
MetroFunnel,https://github.com/iraffaele/MetroFunnel
xyz.example.risingstack.trace,https://github.com/node-xyz/xyz.example.risingstack.trace
urlmon,https://github.com/hajekjiri/urlmon
fizz,https://github.com/cyantarek/fizz
spring-boot-admin-demo,https://github.com/netbuffer/spring-boot-admin-demo
monitoring-microservice,https://github.com/debuglevel/monitoring-microservice